position59_map_to_2VKN,entropy_diff_hull,entropy_diff_func
2,1.4607987494629064,1.1556855023857886
3,2.268770084279315,1.925099791951915
4,1.1467824696586328,1.0351753209050178
5,2.798589366640101,2.9545124464048094
6,2.08794336277046,2.317777968690564
7,2.271540228049833,2.3621004145655027
8,1.8176565940592477,1.8238344575488643
9,1.3364072620045433,1.321303796818097
10,1.1808034629311897,1.3209917221775218
11,1.506385247709896,1.6063498485083045
12,0.7930105076680696,0.6441753972499229
13,1.176137255780265,1.4298651863817655
14,0.8780837567446627,1.0620412759226072
15,1.7396856795917839,1.8899122622192026
16,1.6695824768294418,1.75971580312468
17,2.4308800791464567,2.4814565284208525
20,1.5836662757047968,1.6652517870068035
21,1.7915269162187193,2.0789808434793113
22,1.4646228861443427,1.6048182823512764
23,0.7794357965971414,0.6509243815208869
24,2.5494866834565246,2.5769578493125462
25,1.9191161658659253,1.8351077299300802
26,0.864605650561808,0.8900679994739518
27,2.2609803820910312,2.0743503211574046
28,-0.12020732216014918,0.050533281811318
29,1.3855889055044286,1.4449755262734225
30,2.1561544419624816,2.2082882036768696
31,1.5960365242780148,1.522841399779153
32,2.3337799051531274,2.3312058900433197
33,1.0305534053144445,1.0656210622809648
34,0.6749587563489197,0.6127886933216358
35,2.873183323600096,3.0796241037303917
36,1.024743444829768,1.2263883981415322
37,1.8756906523893253,1.7701991105974266
38,2.966607899499265,3.0229223417472793
39,1.4341732378884957,1.613464698257078
40,0.4680749727089002,0.4680749727089002
41,2.144260718243421,2.1512999464996434
42,2.708342943137877,2.7648971116517984
43,1.479736027169293,1.4266095659705522
44,2.137219728577511,2.0859369741104556
45,2.456501873284454,2.4262875244147453
47,1.6418880006888492,1.8912919787444784
48,1.8757237008762948,2.0060896797495213
49,1.1309373647100847,1.1143814552813525
50,1.8840982877230599,1.9253375296621476
51,0.6884127107446016,0.7231601095548112
52,2.74344768812393,2.9022433881037006
53,0.6670860599598154,0.7895668156708184
54,0.40759867695272733,0.4908044942145393
55,2.9911836072995093,3.0489413720866367
56,2.457855496835885,2.530503891180108
57,1.5069324450930788,1.739308392132252
58,0.8779414015789109,1.0621202747647696
59,0.9225649878395612,1.1149103429127676
60,2.3581691699354295,2.408382350755224
61,2.082393481488748,2.0489331285249097
62,2.5263616658908052,2.7405487185911044
63,2.905843665360284,3.0592864410442684
